name,lat,lng,category
Robber's Cave,30.3877,78.0654,Nature
Sahastradhara,30.3827,78.1349,Nature
Mindrolling Monastery,30.2866,78.0763,Religious
Forest Research Institute,30.3398,77.9984,Heritage
Clock Tower,30.3245,78.0420,Landmark
Paltan Bazaar,30.3212,78.0409,Market
Tapkeshwar Temple,30.3350,78.0010,Religious
Malsi Deer Park,30.3969,78.0765,Nature
Mussoorie Lake,30.4720,78.0680,Nature
Rajpur Road,30.3445,78.0600,Market
Santala Devi Temple,30.3329,78.0412,Religious
Buddha Temple,30.2866,78.0763,Religious
Doon University,30.2670,77.9870,Education
Pacific Mall,30.3267,78.0430,Shopping
Prem Nagar,30.3050,77.9830,Locality
Parade Ground,30.3231,78.0393,Landmark
